<?xml version="1.0" encoding="UTF-8"?>
<configurationDescriptor version="65">
  <logicalFolder name="root" displayName="root" projectFiles="true">
    <logicalFolder name="HeaderFiles"
                   displayName="Header Files"
                   projectFiles="true">
      <logicalFolder name="MCC Generated Files"
                     displayName="MCC Generated Files"
                     projectFiles="true">
        <logicalFolder name="adc" displayName="adc" projectFiles="true">
          <itemPath>mcc_generated_files/adc/adcc.h</itemPath>
        </logicalFolder>
        <logicalFolder name="clkref" displayName="clkref" projectFiles="true">
          <itemPath>mcc_generated_files/clkref/clkref.h</itemPath>
        </logicalFolder>
        <logicalFolder name="cwg" displayName="cwg" projectFiles="true">
          <itemPath>mcc_generated_files/cwg/cwg1.h</itemPath>
        </logicalFolder>
        <logicalFolder name="fvr" displayName="fvr" projectFiles="true">
          <itemPath>mcc_generated_files/fvr/fvr.h</itemPath>
        </logicalFolder>
        <logicalFolder name="nco" displayName="nco" projectFiles="true">
          <itemPath>mcc_generated_files/nco/nco1.h</itemPath>
        </logicalFolder>
        <logicalFolder name="nvm" displayName="nvm" projectFiles="true">
          <itemPath>mcc_generated_files/nvm/nvm.h</itemPath>
        </logicalFolder>
        <logicalFolder name="system" displayName="system" projectFiles="true">
          <itemPath>mcc_generated_files/system/system.h</itemPath>
          <itemPath>mcc_generated_files/system/config_bits.h</itemPath>
          <itemPath>mcc_generated_files/system/watchdog.h</itemPath>
          <itemPath>mcc_generated_files/system/pins.h</itemPath>
          <itemPath>mcc_generated_files/system/clock.h</itemPath>
          <itemPath>mcc_generated_files/system/interrupt.h</itemPath>
        </logicalFolder>
        <logicalFolder name="timer" displayName="timer" projectFiles="true">
          <itemPath>mcc_generated_files/timer/tmr1.h</itemPath>
          <itemPath>mcc_generated_files/timer/timer_interface.h</itemPath>
          <itemPath>mcc_generated_files/timer/delay.h</itemPath>
        </logicalFolder>
        <logicalFolder name="uart" displayName="uart" projectFiles="true">
          <itemPath>mcc_generated_files/uart/uart3.h</itemPath>
          <itemPath>mcc_generated_files/uart/uart2.h</itemPath>
          <itemPath>mcc_generated_files/uart/uart_types.h</itemPath>
          <itemPath>mcc_generated_files/uart/uart_drv_interface.h</itemPath>
        </logicalFolder>
      </logicalFolder>
    </logicalFolder>
    <logicalFolder name="LinkerScript"
                   displayName="Linker Files"
                   projectFiles="true">
    </logicalFolder>
    <logicalFolder name="SourceFiles"
                   displayName="Source Files"
                   projectFiles="true">
      <logicalFolder name="f1" displayName="application" projectFiles="true">
        <itemPath>application/hal_board_cfg.c</itemPath>
        <itemPath>application/hal_board_cfg.h</itemPath>
        <itemPath>application/app_task.c</itemPath>
        <itemPath>application/app_task.h</itemPath>
        <itemPath>application/hal_adc.c</itemPath>
        <itemPath>application/hal_adc.h</itemPath>
        <itemPath>application/hal_i2c.c</itemPath>
        <itemPath>application/hal_i2c.h</itemPath>
        <itemPath>application/hal_key.c</itemPath>
        <itemPath>application/hal_key.h</itemPath>
        <itemPath>application/hal_led.c</itemPath>
        <itemPath>application/hal_led.h</itemPath>
        <itemPath>application/hal_pwm.c</itemPath>
        <itemPath>application/hal_pwm.h</itemPath>
        <itemPath>application/hal_sdp.c</itemPath>
        <itemPath>application/hal_sdp.h</itemPath>
        <itemPath>application/hal_virtual_i2c.c</itemPath>
        <itemPath>application/hal_virtual_i2c.h</itemPath>
        <itemPath>hal_flash.c</itemPath>
        <itemPath>hal_flash.h</itemPath>
      </logicalFolder>
      <logicalFolder name="MCC Generated Files"
                     displayName="MCC Generated Files"
                     projectFiles="true">
        <logicalFolder name="adc" displayName="adc" projectFiles="true">
          <logicalFolder name="src" displayName="src" projectFiles="true">
            <itemPath>mcc_generated_files/adc/src/adcc.c</itemPath>
          </logicalFolder>
        </logicalFolder>
        <logicalFolder name="clkref" displayName="clkref" projectFiles="true">
          <logicalFolder name="src" displayName="src" projectFiles="true">
            <itemPath>mcc_generated_files/clkref/src/clkref.c</itemPath>
          </logicalFolder>
        </logicalFolder>
        <logicalFolder name="cwg" displayName="cwg" projectFiles="true">
          <logicalFolder name="src" displayName="src" projectFiles="true">
            <itemPath>mcc_generated_files/cwg/src/cwg1.c</itemPath>
          </logicalFolder>
        </logicalFolder>
        <logicalFolder name="docs" displayName="docs" projectFiles="true">
          <itemPath>mcc_generated_files/docs/delay.dox</itemPath>
        </logicalFolder>
        <logicalFolder name="fvr" displayName="fvr" projectFiles="true">
          <logicalFolder name="src" displayName="src" projectFiles="true">
            <itemPath>mcc_generated_files/fvr/src/fvr.c</itemPath>
          </logicalFolder>
        </logicalFolder>
        <logicalFolder name="nco" displayName="nco" projectFiles="true">
          <logicalFolder name="src" displayName="src" projectFiles="true">
            <itemPath>mcc_generated_files/nco/src/nco1.c</itemPath>
          </logicalFolder>
        </logicalFolder>
        <logicalFolder name="nvm" displayName="nvm" projectFiles="true">
          <logicalFolder name="src" displayName="src" projectFiles="true">
            <itemPath>mcc_generated_files/nvm/src/nvm.c</itemPath>
          </logicalFolder>
        </logicalFolder>
        <logicalFolder name="system" displayName="system" projectFiles="true">
          <logicalFolder name="src" displayName="src" projectFiles="true">
            <itemPath>mcc_generated_files/system/src/interrupt.c</itemPath>
            <itemPath>mcc_generated_files/system/src/system.c</itemPath>
            <itemPath>mcc_generated_files/system/src/config_bits.c</itemPath>
            <itemPath>mcc_generated_files/system/src/watchdog.c</itemPath>
            <itemPath>mcc_generated_files/system/src/clock.c</itemPath>
            <itemPath>mcc_generated_files/system/src/pins.c</itemPath>
          </logicalFolder>
        </logicalFolder>
        <logicalFolder name="timer" displayName="timer" projectFiles="true">
          <logicalFolder name="src" displayName="src" projectFiles="true">
            <itemPath>mcc_generated_files/timer/src/tmr1.c</itemPath>
            <itemPath>mcc_generated_files/timer/src/delay.c</itemPath>
          </logicalFolder>
        </logicalFolder>
        <logicalFolder name="uart" displayName="uart" projectFiles="true">
          <logicalFolder name="src" displayName="src" projectFiles="true">
            <itemPath>mcc_generated_files/uart/src/uart3.c</itemPath>
            <itemPath>mcc_generated_files/uart/src/uart2.c</itemPath>
          </logicalFolder>
        </logicalFolder>
      </logicalFolder>
      <itemPath>main.c</itemPath>
    </logicalFolder>
    <logicalFolder name="ExternalFiles"
                   displayName="Important Files"
                   projectFiles="false">
      <itemPath>Makefile</itemPath>
      <itemPath>BlueSky5.3_PIC18F57Q43.mc3</itemPath>
    </logicalFolder>
  </logicalFolder>
  <sourceRootList>
    <Elem>application</Elem>
  </sourceRootList>
  <projectmakefile>Makefile</projectmakefile>
  <confs>
    <conf name="default" type="2">
      <toolsSet>
        <developmentServer>localhost</developmentServer>
        <targetDevice>PIC18F57Q43</targetDevice>
        <targetHeader></targetHeader>
        <targetPluginBoard></targetPluginBoard>
        <platformTool>pk4hybrid</platformTool>
        <languageToolchain>XC8</languageToolchain>
        <languageToolchainVersion>2.41</languageToolchainVersion>
        <platform>3</platform>
      </toolsSet>
      <packs>
        <pack name="PIC18F-Q_DFP" vendor="Microchip" version="1.14.237"/>
      </packs>
      <ScriptingSettings>
      </ScriptingSettings>
      <compileType>
        <linkerTool>
          <linkerLibItems>
          </linkerLibItems>
        </linkerTool>
        <archiverTool>
        </archiverTool>
        <loading>
          <useAlternateLoadableFile>false</useAlternateLoadableFile>
          <parseOnProdLoad>false</parseOnProdLoad>
          <alternateLoadableFile></alternateLoadableFile>
        </loading>
        <subordinates>
        </subordinates>
      </compileType>
      <makeCustomizationType>
        <makeCustomizationPreStepEnabled>false</makeCustomizationPreStepEnabled>
        <makeUseCleanTarget>false</makeUseCleanTarget>
        <makeCustomizationPreStep></makeCustomizationPreStep>
        <makeCustomizationPostStepEnabled>false</makeCustomizationPostStepEnabled>
        <makeCustomizationPostStep></makeCustomizationPostStep>
        <makeCustomizationPutChecksumInUserID>false</makeCustomizationPutChecksumInUserID>
        <makeCustomizationEnableLongLines>false</makeCustomizationEnableLongLines>
        <makeCustomizationNormalizeHexFile>false</makeCustomizationNormalizeHexFile>
      </makeCustomizationType>
      <HI-TECH-COMP>
        <property key="additional-warnings" value="true"/>
        <property key="asmlist" value="true"/>
        <property key="call-prologues" value="false"/>
        <property key="default-bitfield-type" value="true"/>
        <property key="default-char-type" value="true"/>
        <property key="define-macros"
                  value="CURRENT_TARGET=${CURRENT_TARGET};CURRENT_PROTECTION_EN=${CURRENT_PROTECTION_EN};VOLTAGE_REG_EN=${VOLTAGE_REG_EN};BRIDGE_VT=${BRIDGE_VT}"/>
        <property key="disable-optimizations" value="true"/>
        <property key="extra-include-directories" value=""/>
        <property key="favor-optimization-for" value="-speed,+space"/>
        <property key="garbage-collect-data" value="true"/>
        <property key="garbage-collect-functions" value="true"/>
        <property key="identifier-length" value="255"/>
        <property key="local-generation" value="false"/>
        <property key="operation-mode" value="free"/>
        <property key="opt-xc8-compiler-strict_ansi" value="false"/>
        <property key="optimization-assembler" value="true"/>
        <property key="optimization-assembler-files" value="true"/>
        <property key="optimization-debug" value="false"/>
        <property key="optimization-invariant-enable" value="false"/>
        <property key="optimization-invariant-value" value="16"/>
        <property key="optimization-level" value="-O0"/>
        <property key="optimization-speed" value="false"/>
        <property key="optimization-stable-enable" value="false"/>
        <property key="preprocess-assembler" value="true"/>
        <property key="short-enums" value="true"/>
        <property key="tentative-definitions" value="-fno-common"/>
        <property key="undefine-macros" value=""/>
        <property key="use-cci" value="false"/>
        <property key="use-iar" value="false"/>
        <property key="verbose" value="false"/>
        <property key="warning-level" value="-3"/>
        <property key="what-to-do" value="require"/>
      </HI-TECH-COMP>
      <HI-TECH-LINK>
        <property key="additional-options-checksum" value=""/>
        <property key="additional-options-code-offset" value=""/>
        <property key="additional-options-command-line" value=""/>
        <property key="additional-options-errata" value=""/>
        <property key="additional-options-extend-address" value="false"/>
        <property key="additional-options-trace-type" value=""/>
        <property key="additional-options-use-response-files" value="false"/>
        <property key="backup-reset-condition-flags" value="false"/>
        <property key="calibrate-oscillator" value="false"/>
        <property key="calibrate-oscillator-value" value="0x3400"/>
        <property key="clear-bss" value="true"/>
        <property key="code-model-external" value="wordwrite"/>
        <property key="code-model-rom" value=""/>
        <property key="create-html-files" value="false"/>
        <property key="data-model-ram" value=""/>
        <property key="data-model-size-of-double" value="32"/>
        <property key="data-model-size-of-double-gcc" value="no-short-double"/>
        <property key="data-model-size-of-float" value="32"/>
        <property key="data-model-size-of-float-gcc" value="no-short-float"/>
        <property key="display-class-usage" value="false"/>
        <property key="display-hex-usage" value="false"/>
        <property key="display-overall-usage" value="true"/>
        <property key="display-psect-usage" value="false"/>
        <property key="extra-lib-directories" value=""/>
        <property key="fill-flash-options-addr" value=""/>
        <property key="fill-flash-options-const" value=""/>
        <property key="fill-flash-options-how" value="0"/>
        <property key="fill-flash-options-inc-const" value="1"/>
        <property key="fill-flash-options-increment" value=""/>
        <property key="fill-flash-options-seq" value=""/>
        <property key="fill-flash-options-what" value="0"/>
        <property key="format-hex-file-for-download" value="false"/>
        <property key="initialize-data" value="true"/>
        <property key="input-libraries" value="libm"/>
        <property key="keep-generated-startup.as" value="false"/>
        <property key="link-in-c-library" value="true"/>
        <property key="link-in-c-library-gcc" value=""/>
        <property key="link-in-peripheral-library" value="false"/>
        <property key="managed-stack" value="false"/>
        <property key="opt-xc8-linker-file" value="false"/>
        <property key="opt-xc8-linker-link_startup" value="false"/>
        <property key="opt-xc8-linker-serial" value=""/>
        <property key="program-the-device-with-default-config-words" value="true"/>
        <property key="remove-unused-sections" value="true"/>
      </HI-TECH-LINK>
      <Tool>
        <property key="AutoSelectMemRanges" value="auto"/>
        <property key="Freeze Peripherals" value="true"/>
        <property key="SecureSegment.SegmentProgramming" value="FullChipProgramming"/>
        <property key="ToolFirmwareFilePath"
                  value="Press to browse for a specific firmware version"/>
        <property key="ToolFirmwareOption.UpdateOptions"
                  value="ToolFirmwareOption.UseLatest"/>
        <property key="ToolFirmwareToolPack"
                  value="Press to select which tool pack to use"/>
        <property key="communication.activationmode" value="nohv"/>
        <property key="communication.interface" value=""/>
        <property key="communication.interface.jtag" value="2wire"/>
        <property key="communication.speed" value="${communication.speed.default}"/>
        <property key="debugoptions.debug-startup" value="Halt at main"/>
        <property key="debugoptions.reset-behaviour" value="Main"/>
        <property key="debugoptions.simultaneous.debug" value="false"/>
        <property key="debugoptions.useswbreakpoints" value="false"/>
        <property key="freeze.timers" value="false"/>
        <property key="memories.aux" value="false"/>
        <property key="memories.bootflash" value="true"/>
        <property key="memories.configurationmemory" value="true"/>
        <property key="memories.configurationmemory2" value="true"/>
        <property key="memories.dataflash" value="true"/>
        <property key="memories.eeprom" value="true"/>
        <property key="memories.exclude.configurationmemory" value="true"/>
        <property key="memories.flashdata" value="true"/>
        <property key="memories.id" value="true"/>
        <property key="memories.instruction.ram.ranges"
                  value="${memories.instruction.ram.ranges}"/>
        <property key="memories.programmemory" value="true"/>
        <property key="memories.programmemory.ranges" value="0-ffff"/>
        <property key="poweroptions.powerenable" value="true"/>
        <property key="programmerToGoFilePath"
                  value="E:/PROJ-2023/08/PIC18F56Q43_01/BlueSky5.3_0812/BlueSky5.3_PIC18F57Q43.X/debug/default/BlueSky5.3_PIC18F57Q43_ptg"/>
        <property key="programmerToGoImageName" value="BlueSky5.3_PIC18F57Q43_ptg"/>
        <property key="programoptions.donoteraseauxmem" value="false"/>
        <property key="programoptions.eraseb4program" value="true"/>
        <property key="programoptions.ledbrightness" value="5"/>
        <property key="programoptions.pgcconfig" value="pull down"/>
        <property key="programoptions.pgcresistor.value" value="4.7"/>
        <property key="programoptions.pgdconfig" value="pull down"/>
        <property key="programoptions.pgdresistor.value" value="4.7"/>
        <property key="programoptions.pgmentry.voltage" value="high"/>
        <property key="programoptions.pgmspeed" value="Med"/>
        <property key="programoptions.preservedataflash" value="false"/>
        <property key="programoptions.preservedataflash.ranges"
                  value="${memories.dataflash.default}"/>
        <property key="programoptions.preserveeeprom" value="false"/>
        <property key="programoptions.preserveeeprom.ranges" value="380000-3803ff"/>
        <property key="programoptions.preserveprogram.ranges" value=""/>
        <property key="programoptions.preserveprogramrange" value="false"/>
        <property key="programoptions.preserveuserid" value="false"/>
        <property key="programoptions.program.otpconfig" value="false"/>
        <property key="programoptions.programcalmem" value="false"/>
        <property key="programoptions.programuserotp" value="false"/>
        <property key="programoptions.testmodeentrymethod" value="VDDFirst"/>
        <property key="ptgProgramImage" value="true"/>
        <property key="ptgSendImage" value="true"/>
        <property key="toolpack.updateoptions"
                  value="toolpack.updateoptions.uselatestoolpack"/>
        <property key="toolpack.updateoptions.packversion"
                  value="Press to select which tool pack to use"/>
        <property key="voltagevalue" value="3.2"/>
      </Tool>
      <XC8-CO>
        <property key="coverage-enable" value=""/>
        <property key="stack-guidance" value="false"/>
      </XC8-CO>
      <XC8-config-global>
        <property key="advanced-elf" value="true"/>
        <property key="constdata-progmem" value="true"/>
        <property key="gcc-opt-driver-new" value="true"/>
        <property key="gcc-opt-std" value="-std=c99"/>
        <property key="gcc-output-file-format" value="dwarf-3"/>
        <property key="mapped-progmem" value="false"/>
        <property key="omit-pack-options" value="false"/>
        <property key="omit-pack-options-new" value="1"/>
        <property key="output-file-format" value="-mcof,+elf"/>
        <property key="smart-io-format" value=""/>
        <property key="stack-size-high" value="auto"/>
        <property key="stack-size-low" value="auto"/>
        <property key="stack-size-main" value="auto"/>
        <property key="stack-type" value="compiled"/>
        <property key="user-pack-device-support" value=""/>
        <property key="wpo-lto" value="false"/>
      </XC8-config-global>
      <pk4hybrid>
        <property key="AutoSelectMemRanges" value="auto"/>
        <property key="Freeze Peripherals" value="true"/>
        <property key="SecureSegment.SegmentProgramming" value="FullChipProgramming"/>
        <property key="ToolFirmwareFilePath"
                  value="Press to browse for a specific firmware version"/>
        <property key="ToolFirmwareOption.UpdateOptions"
                  value="ToolFirmwareOption.UseLatest"/>
        <property key="ToolFirmwareToolPack"
                  value="Press to select which tool pack to use"/>
        <property key="communication.activationmode" value="nohv"/>
        <property key="communication.interface" value=""/>
        <property key="communication.interface.jtag" value="2wire"/>
        <property key="communication.speed" value="${communication.speed.default}"/>
        <property key="debugoptions.debug-startup" value="Halt at main"/>
        <property key="debugoptions.reset-behaviour" value="Main"/>
        <property key="debugoptions.simultaneous.debug" value="false"/>
        <property key="debugoptions.useswbreakpoints" value="false"/>
        <property key="freeze.timers" value="false"/>
        <property key="memories.aux" value="false"/>
        <property key="memories.bootflash" value="true"/>
        <property key="memories.configurationmemory" value="true"/>
        <property key="memories.configurationmemory2" value="true"/>
        <property key="memories.dataflash" value="true"/>
        <property key="memories.eeprom" value="true"/>
        <property key="memories.exclude.configurationmemory" value="true"/>
        <property key="memories.flashdata" value="true"/>
        <property key="memories.id" value="true"/>
        <property key="memories.instruction.ram.ranges"
                  value="${memories.instruction.ram.ranges}"/>
        <property key="memories.programmemory" value="true"/>
        <property key="memories.programmemory.ranges" value="0-ffff"/>
        <property key="poweroptions.powerenable" value="true"/>
        <property key="programmerToGoImageName" value="BlueSky5.3_PIC18F57Q43_ptg"/>
        <property key="programoptions.donoteraseauxmem" value="false"/>
        <property key="programoptions.eraseb4program" value="true"/>
        <property key="programoptions.ledbrightness" value="5"/>
        <property key="programoptions.pgcconfig" value="pull down"/>
        <property key="programoptions.pgcresistor.value" value="4.7"/>
        <property key="programoptions.pgdconfig" value="pull down"/>
        <property key="programoptions.pgdresistor.value" value="4.7"/>
        <property key="programoptions.pgmentry.voltage" value="high"/>
        <property key="programoptions.pgmspeed" value="Med"/>
        <property key="programoptions.preservedataflash" value="false"/>
        <property key="programoptions.preservedataflash.ranges"
                  value="${memories.dataflash.default}"/>
        <property key="programoptions.preserveeeprom" value="false"/>
        <property key="programoptions.preserveeeprom.ranges" value="380000-3803ff"/>
        <property key="programoptions.preserveprogram.ranges" value=""/>
        <property key="programoptions.preserveprogramrange" value="false"/>
        <property key="programoptions.preserveuserid" value="false"/>
        <property key="programoptions.program.otpconfig" value="false"/>
        <property key="programoptions.programcalmem" value="false"/>
        <property key="programoptions.programuserotp" value="false"/>
        <property key="programoptions.testmodeentrymethod" value="VDDFirst"/>
        <property key="ptgProgramImage" value="true"/>
        <property key="ptgSendImage" value="true"/>
        <property key="toolpack.updateoptions"
                  value="toolpack.updateoptions.uselatestoolpack"/>
        <property key="toolpack.updateoptions.packversion"
                  value="Press to select which tool pack to use"/>
        <property key="voltagevalue" value="3.2"/>
      </pk4hybrid>
    </conf>
  </confs>
</configurationDescriptor>
