<?xml version="1.0" encoding="UTF-8"?>
<project xmlns="http://www.netbeans.org/ns/project/1">
    <type>com.microchip.mplab.nbide.embedded.makeproject</type>
    <configuration>
        <data xmlns="http://www.netbeans.org/ns/make-project/1">
            <name>BlueSky5.3_PIC18F57Q43_128</name>
            <creation-uuid>7cf791e2-e4a8-4273-86ca-5a9d69cc38d7</creation-uuid>
            <make-project-type>0</make-project-type>
            <sourceEncoding>windows-1250</sourceEncoding>
            <make-dep-projects/>
            <sourceRootList>
                <sourceRootElem>application</sourceRootElem>
            </sourceRootList>
            <confList>
                <confElem>
                    <name>default</name>
                    <type>2</type>
                </confElem>
            </confList>
            <formatting>
                <project-formatting-style>false</project-formatting-style>
            </formatting>
        </data>
    </configuration>
</project>
