<?xml version="1.0" encoding="UTF-8"?>
<project-private xmlns="http://www.netbeans.org/ns/project-private/1">
    <editor-bookmarks xmlns="http://www.netbeans.org/ns/editor-bookmarks/2" lastBookmarkId="0"/>
    <open-files xmlns="http://www.netbeans.org/ns/projectui-open-files/2">
        <group>
            <file>file:/C:/Users/rapps/git/BlueSkyGUI/workspace_mplab/BlueSky5.3_PIC18F57Q43_128.X/application/app_task.c</file>
            <file>file:/C:/Users/rapps/git/BlueSkyGUI/workspace_mplab/BlueSky5.3_PIC18F57Q43_128.X/hal_flash.h</file>
        </group>
    </open-files>
</project-private>
